{
  "slug": "SickoCV",
  "name": "SickoCV",
  "version": "2.7.7",
  "license": "GPL-3.0-or-later",
  "brand": "Sickozell",
  "author": "Sickozell",
  "authorEmail": "sickozell@sickozell.org",
  "authorUrl": "http://www.sickozell.org",
  "pluginUrl": "https://github.com/sickozell/SickoCV",
  "manualUrl": "https://github.com/sickozell/SickoCV/blob/main/README.md",
  "sourceUrl": "https://github.com/sickozell/SickoCV",
  "donateUrl": "https://paypal.me/sickozell",
  "changelogUrl": "https://github.com/sickozell/SickoCV/blob/main/changelog.md",
  "modules": [
    {
      "slug": "AdMini",
      "name": "ad mini",
      "description": "Ad function generator with VCA",
      "tags": [
        "Function generator",
        "Voltage-controlled amplifier",
        "Polyphonic"
      ]
    },
    {
      "slug": "Adder8",
      "name": "adder8",
      "description": "8 adder and subtractor",
      "tags": [
        "Mixer",
        "Utility"
      ]
    },
    {
      "slug": "Bgates",
      "name": "bGates",
      "description": "8 Buffered gates and triggers",
      "tags": [
        "Logic"
      ]
    },
    {
      "slug": "Blender",
      "name": "blender",
      "description": "Stereo crossfade mixer with double modulation",
      "tags": [
        "Mixer",
        "Polyphonic"
      ]
    },
    {
      "slug": "Blender8",
      "name": "blender8",
      "description": "8 single crossfade mixers",
      "tags": [
        "Mixer"
      ]
    },
    {
      "slug": "BtogglerSt",
      "name": "bToggler",
      "description": "Buffered stereo signal toggle switch router, with VCA and ASR envelope generator",
      "tags": [
        "Logic",
        "Envelope generator",
        "Voltage-controlled amplifier",
        "Polyphonic"
      ]
    },
    {
      "slug": "BtogglerStCompact",
      "name": "bToggler Compact",
      "description": "Buffered stereo signal toggle switch router, with VCA and ASR envelope generator, in a compact form factor",
      "tags": [
        "Logic",
        "Envelope generator",
        "Voltage-controlled amplifier",
        "Polyphonic"
      ]
    },
    {
      "slug": "Btoggler",
      "name": "bToggler8",
      "description": "8 buffered toggle switch signal router",
      "tags": [
        "Logic"
      ]
    },
    {
      "slug": "BtogglerPlus",
      "name": "bToggler8+",
      "description": "8 buffered toggle switch router, plus warnings to use with led midi controllers",
      "tags": [
        "Logic",
        "Utility"
      ]
    },
    {
      "slug": "Calcs",
      "name": "calcs",
      "description": "Calculates sums, differences, multiplications, divisions and averages of 3 CV inputs",
      "tags": [
        "Utility"
      ]
    },
    {
      "slug": "Clocker",
      "name": "clocker",
      "description": "Clock generator with 4 dividers/multipliers and audio metronome",
      "tags": [
        "Clock generator",
        "Clock modulator"
      ]
    },
    {
      "slug": "Clocker2",
      "name": "clocker2",
      "description": "Clock generator with 6 dividers/multipliers",
      "tags": [
        "Clock generator",
        "Clock modulator"
      ]
    },
    {
      "slug": "CVmeter",
      "name": "cvMeter",
      "description": "Shows input voltage, v/oct note, midi values, bpm and sample distance between two triggers or cv change from two different inputs",
      "tags": [
        "Utility"
      ]
    },
    {
      "slug": "CVrouter",
      "name": "cvRouter",
      "description": "1>2 voltage controlled switch",
      "tags": [
        "Switch",
        "Polyphonic"
      ]
    },
    {
      "slug": "CVswitcher",
      "name": "cvSwitcher",
      "description": "2>1 voltage controlled switch",
      "tags": [
        "Switch",
        "Polyphonic"
      ]
    },
    {
      "slug": "Drummer",
      "name": "drummer",
      "description": "Accent and choke utility for drum modules lacking these features (dr)",
      "tags": [
        "Utility",
        "Drum",
        "Dual"
      ]
    },
    {
      "slug": "Drummer4",
      "name": "drummer4",
      "description": "4 channel accent and choke utility for drum modules lacking this feature (d4)",
      "tags": [
        "Utility",
        "Drum",
        "Quad"
      ]
    },
    {
      "slug": "Drummer4Plus",
      "name": "drummer4+",
      "description": "4 channel accent and choke utility for drum modules lacking this feature (d4p)",
      "tags": [
        "Utility",
        "Drum",
        "Quad"
      ]
    },
    {
      "slug": "DrumPlayer",
      "name": "drumPlayer",
      "description": "Drum Sample Player (dp)",
      "tags": [
        "Sampler",
        "Drum",
        "Quad"
      ]
    },
    {
      "slug": "DrumPlayerMk2",
      "name": "drumPlayer mk2",
      "description": "Drum Sample Player (dp2)",
      "tags": [
        "Sampler",
        "Drum",
        "Quad"
      ]
    },
    {
      "slug": "DrumPlayerPlus",
      "name": "drumPlayer+",
      "description": "Drum Sample Player (dpp)",
      "tags": [
        "Sampler",
        "Drum",
        "Quad"
      ]
    },
    {
      "slug": "DrumPlayerXtra",
      "name": "drumPlayerXtra",
      "description": "Drum Sample Player (dpx)",
      "tags": [
        "Sampler",
        "Drum",
        "Quad"
      ]
    },
    {
      "slug": "DrumPlayerMini",
      "name": "drumPlayer mini",
      "description": "Drum Sample Player (dp)",
      "tags": [
        "Sampler"
      ]
    },
    {
      "slug": "Enver",
      "name": "enver",
      "description": "Envelope generator with stereo VCA",
      "tags": [
        "Envelope generator",
        "Voltage-controlled amplifier",
        "Polyphonic"
      ]
    },
    {
      "slug": "EnverMini",
      "name": "enver mini",
      "description": "Envelope generator with VCA",
      "tags": [
        "Envelope generator",
        "Voltage-controlled amplifier",
        "Polyphonic"
      ]
    },
    {
      "slug": "EnverMiniX",
      "name": "enver mini expander",
      "description": "Expander for enver mini and ad mini",
      "tags": [
        "Envelope generator",
        "Voltage-controlled amplifier",
        "Polyphonic",
        "Expander"
      ]
    },
    {
      "slug": "Holder",
      "name": "holder",
      "description": "Sample & Hold or Track & Hold with noise generator, probability and range",
      "tags": [
        "Sample and hold",
        "Noise",
        "Polyphonic"
      ]
    },
    {
      "slug": "HolderCompact",
      "name": "holder Compact",
      "description": "Sample & Hold or Track & Hold with noise generator, probability and range in a compact form factor",
      "tags": [
        "Sample and hold",
        "Noise",
        "Polyphonic"
      ]
    },
    {
      "slug": "Holder8",
      "name": "holder8",
      "description": "8 Sample & Hold or Track & Hold with noise generator, probability and range",
      "tags": [
        "Sample and hold",
        "Noise",
        "Quad",
        "Polyphonic"
      ]
    },
    {
      "slug": "KeySampler",
      "name": "keySampler",
      "description": "Keyboard controlled sampler",
      "tags": [
        "Sampler"
      ]
    },
    {
      "slug": "Modulator",
      "name": "modulator",
      "description": "triangle/ramp LFOs with sync feature (mod)",
      "tags": [
        "Low-frequency oscillator"
      ]
    },
    {
      "slug": "Modulator7",
      "name": "modulator7",
      "description": "7 triangle/ramp LFOs with sync feature (mod7)",
      "tags": [
        "Low-frequency oscillator",
        "Polyphonic"
      ]
    },
    {
      "slug": "Modulator7Compact",
      "name": "modulator7 Compact",
      "description": "7 unipolar triangle LFOs (mod7)",
      "tags": [
        "Low-frequency oscillator"
      ]
    },
    {
      "slug": "MultiSwitcher",
      "name": "multiSwitcher",
      "description": "Stereo 8>1 switch",
      "tags": [
        "Switch",
        "Polyphonic"
      ]
    },
    {
      "slug": "MultiRouter",
      "name": "multiRouter",
      "description": "Stereo 1>8 router",
      "tags": [
        "Switch",
        "Polyphonic"
      ]
    },
    {
      "slug": "Parking",
      "name": "parking",
      "description": "Set of unconnected inputs and outputs just to park unused cables",
      "tags": [
        "Utility"
      ]
    },
    {
      "slug": "PolyMuter8",
      "name": "polyMuter8",
      "description": "Mutes up to 8 single channels of a poly-cable",
      "tags": [
        "Utility"
      ]
    },
    {
      "slug": "PolyMuter8Plus",
      "name": "polyMuter8+",
      "description": "Mutes or Soloes up to 8 single channels of a poly-cable",
      "tags": [
        "Utility"
      ]
    },
    {
      "slug": "PolyMuter16",
      "name": "polyMuter16",
      "description": "Mutes single channels of a poly-cable",
      "tags": [
        "Utility"
      ]
    },
    {
      "slug": "PolyMuter16Plus",
      "name": "polyMuter16+",
      "description": "Mutes or Soloes single channels of a poly-cable",
      "tags": [
        "Utility"
      ]
    },
    {
      "slug": "RandLoops",
      "name": "randLoops",
      "description": "random voltage/trigger sequencer inspired by Turing Machine",
      "tags": [
        "Sequencer"
      ]
    },
    {
      "slug": "RandLoopsMini",
      "name": "randLoops mini",
      "description": "random voltage/trigger sequencer inspired by Turing Machine (rl)",
      "tags": [
        "Sequencer"
      ]
    },
    {
      "slug": "RandLoops8",
      "name": "randLoops8",
      "description": "8 looped random voltage/trigger sequencer inspired by Turing Machine",
      "tags": [
        "Sequencer",
        "Polyphonic"
      ]
    },
    {
      "slug": "RandMod7",
      "name": "randMod7",
      "description": "7 random smooth cv generators (rmod7)",
      "tags": [
        "Random"
      ]
    },
    {
      "slug": "RandMod7Compact",
      "name": "randMod7 Compact",
      "description": "7 random smooth cv generators in a compact form (rmod7)",
      "tags": [
        "Random"
      ]
    },
    {
      "slug": "SampleDelay",
      "name": "sampleDelay",
      "description": "a simple signal delay up to 5 samples",
      "tags": [
        "Utility"
      ]
    },
    {
      "slug": "Shifter",
      "name": "shifter",
      "description": "64 selectable stages shift register",
      "tags": [
        "Sample and hold",
        "Utility"
      ]
    },
    {
      "slug": "SickoAmp",
      "name": "sickoAmp",
      "description": "Stereo VCA up to 200% with limiter",
      "tags": [
        "Voltage-controlled amplifier",
        "Polyphonic"
      ]
    },
    {
      "slug": "SickoCrosser",
      "name": "sickoCrosser",
      "description": "multi stereo input crossfader",
      "tags": [
        "Mixer",
        "Polyphonic"
      ]
    },
    {
      "slug": "SickoCrosser4",
      "name": "sickoCrosser4",
      "description": "4 multi input crossfader",
      "tags": [
        "Mixer"
      ]
    },
        {
      "slug": "SickoLooper1",
      "name": "sickoLooper1",
      "description": "1 track looper with builtin clock generator, click and meter",
      "tags": [
        "Sampler"
      ]
    },
    {
      "slug": "SickoLooper1Exp",
      "name": "sickoLooperX",
      "description": "1 track Looper / Expander for sickoLooper1",
      "tags": [
        "Sampler",
        "Expander"
      ]
    },
    {
      "slug": "SickoLooper3",
      "name": "sickoLooper3",
      "description": "3 track looper with builtin clock generator, click and meter",
      "tags": [
        "Sampler"
      ]
    },
    {
      "slug": "SickoLooper5",
      "name": "sickoLooper5",
      "description": "5 track looper with builtin clock generator, click and meter",
      "tags": [
        "Sampler"
      ]
    },
    {
      "slug": "SickoPlayer",
      "name": "sickoPlayer",
      "description": "Sample Player",
      "tags": [
        "Sampler",
        "Polyphonic"
      ]
    },
    {
      "slug": "SickoQuant",
      "name": "sickoQuant",
      "description": "Polyphonic quantizer with scales and presets (sQuant)",
      "tags": [
        "Quantizer",
        "Polyphonic"
      ]
    },
    {
      "slug": "SickoQuant4",
      "name": "sickoQuant4",
      "description": "Four channels polyphonic quantizer with scales and presets (sQuant4)",
      "tags": [
        "Quantizer",
        "Polyphonic"
      ]
    },
    {
      "slug": "SickoSampler",
      "name": "sickoSampler",
      "description": "Sample Player and Recorder",
      "tags": [
        "Sampler",
        "Polyphonic"
      ]
    },
    {
      "slug": "SickoSampler2",
      "name": "sickoSampler2",
      "description": "Sample Player and Recorder",
      "tags": [
        "Sampler",
        "Polyphonic"
      ]
    },
    {
      "slug": "SimpleSeq4",
      "name": "simpleSeq4",
      "description": "4 step sequencer with direction and range setting (ss4)",
      "tags": [
        "Sequencer"
      ]
    },
    {
      "slug": "Slewer",
      "name": "slewer",
      "description": "Slew Limiter",
      "tags": [
        "Slew limiter",
        "Low-frequency oscillator",
        "Polyphonic"
      ]
    },
    {
      "slug": "SlewerMini",
      "name": "slewer mini",
      "description": "Slew Limiter",
      "tags": [
        "Slew limiter",
        "Low-frequency oscillator",
        "Polyphonic"
      ]
    },
    {
      "slug": "StepSeq",
      "name": "stepSeq",
      "description": "16 step sequencer with direction (ss16)",
      "tags": [
        "Sequencer"
      ]
    },
    {
      "slug": "StepSeqPlus",
      "name": "stepSeq+",
      "description": "16 step sequencer with direction and presets (ss16+)",
      "tags": [
        "Sequencer"
      ]
    },
    {
      "slug": "StepSeq8x",
      "name": "stepSeq8x",
      "description": "8 track / 16 step sequencer with direction and presets (ss8x)",
      "tags": [
        "Sequencer"
      ]
    },
    {
      "slug": "StepStation",
      "name": "stepStation",
      "description": "8 independent track / 16 step sequencer with configurable user inputs/knobs and presets (stst)",
      "tags": [
        "Sequencer"
      ]
    },
    {
      "slug": "Switcher",
      "name": "switcher",
      "description": "2>1 switch, 1>2 router, 2 signal swapper, mute, flip flop, toggle gate",
      "tags": [
        "Switch",
        "Utility",
        "Polyphonic"
      ]
    },
    {
      "slug": "SwitcherSt",
      "name": "switcherSt",
      "description": "Stereo 2>1 switch, 1>2 router, 2 signal swapper, mute, flip flop, toggle gate",
      "tags": [
        "Switch",
        "Utility",
        "Polyphonic"
      ]
    },
    {
      "slug": "Switcher8",
      "name": "switcher8",
      "description": "Eight 2>1 switch, 1>2 router, 2 signal swapper, mute, flip flop, toggle gate",
      "tags": [
        "Switch",
        "Utility",
        "Polyphonic",
        "Quad"
      ]
    },
    {
      "slug": "Toggler",
      "name": "toggler",
      "description": "Stereo signal toggle switch router, with VCA and ASR envelope generator",
      "tags": [
        "Logic",
        "Envelope generator",
        "Voltage-controlled amplifier",
        "Polyphonic"
      ]
    },
    {
      "slug": "TogglerCompact",
      "name": "toggler Compact",
      "description": "Stereo signal toggle switch router, with VCA and ASR envelope generator, in a compact form factor",
      "tags": [
        "Logic",
        "Envelope generator",
        "Voltage-controlled amplifier",
        "Polyphonic"
      ]
    },
    {
      "slug": "TrigSeq",
      "name": "trigSeq",
      "description": "16 step trig sequencer with direction (ts16)",
      "tags": [
        "Sequencer"
      ]
    },
    {
      "slug": "TrigSeqPlus",
      "name": "trigSeq+",
      "description": "16 step trig sequencer with direction and presets (ts16+)",
      "tags": [
        "Sequencer"
      ]
    },
    {
      "slug": "TrigSeq8x",
      "name": "trigSeq8x",
      "description": "8 track / 16 step trig sequencer with direction and presets (ts8x)",
      "tags": [
        "Sequencer"
      ]
    },
    {
      "slug": "TrigStation",
      "name": "trigStation",
      "description": "8 independent track / 16 step trig sequencer with configurable user inputs/knobs and presets (trst)",
      "tags": [
        "Sequencer"
      ]
    },
    {
      "slug": "Wavetabler",
      "name": "wavetabler",
      "description": "Wavetable Sample Player",
      "tags": [
        "Sampler",
        "Polyphonic"
      ]
    }
  ]
}
