{
  "slug": "Bogaudio",
  "name": "Bogaudio",
  "version": "2.6.47",
  "license": "GPL-3.0-or-later",
  "brand": "Bogaudio",
  "author": "Matt Demanett",
  "authorEmail": "mattdemanett@gmail.com",
  "authorUrl": "https://github.com/mdemanett",
  "pluginUrl": "https://github.com/bogaudio/BogaudioModules/blob/master/README.md",
  "manualUrl": "https://github.com/bogaudio/BogaudioModules/blob/master/README.md",
  "sourceUrl": "https://github.com/bogaudio/BogaudioModules",
  "donateUrl": "",
  "changeLogUrl": "https://github.com/bogaudio/BogaudioModules/releases",
  "modules": [
    {
      "slug": "Bogaudio-VCO",
      "name": "VCO",
      "description": "Oscillator",
      "manualUrl": "https://github.com/bogaudio/BogaudioModules/blob/master/README.md#vco",
      "tags": [
        "Oscillator",
        "Polyphonic"
      ]
    },
    {
      "slug": "Bogaudio-LVCO",
      "name": "LVCO",
      "description": "Oscillator",
      "manualUrl": "https://github.com/bogaudio/BogaudioModules/blob/master/README.md#lvco",
      "tags": [
        "Oscillator",
        "Polyphonic"
      ]
    },
    {
      "slug": "Bogaudio-Sine",
      "name": "SINE",
      "description": "Sine oscillator with phase offset",
      "manualUrl": "https://github.com/bogaudio/BogaudioModules/blob/master/README.md#sine",
      "tags": [
        "Oscillator",
        "Polyphonic"
      ]
    },
    {
      "slug": "Bogaudio-Pulse",
      "name": "PULSE",
      "description": "Square/pulse oscillator",
      "manualUrl": "https://github.com/bogaudio/BogaudioModules/blob/master/README.md#pulse",
      "tags": [
        "Oscillator",
        "Polyphonic"
      ]
    },
    {
      "slug": "Bogaudio-XCO",
      "name": "XCO",
      "description": "Oscillator",
      "manualUrl": "https://github.com/bogaudio/BogaudioModules/blob/master/README.md#xco",
      "tags": [
        "Oscillator",
        "Polyphonic"
      ]
    },
    {
      "slug": "Bogaudio-Additator",
      "name": "ADDITATOR",
      "description": "Additive oscillator",
      "manualUrl": "https://github.com/bogaudio/BogaudioModules/blob/master/README.md#additator",
      "tags": [
        "Oscillator",
        "Polyphonic"
      ]
    },
    {
      "slug": "Bogaudio-FMOp",
      "name": "FM-OP",
      "description": "FM operator / oscillator / synth voice",
      "manualUrl": "https://github.com/bogaudio/BogaudioModules/blob/master/README.md#fmop",
      "tags": [
        "Oscillator",
        "Synth voice",
        "Polyphonic"
      ]
    },
    {
      "slug": "Bogaudio-Chirp",
      "name": "CHIRP",
      "description": "Swept-sine oscillator",
      "manualUrl": "https://github.com/bogaudio/BogaudioModules/blob/master/README.md#chirp",
      "tags": [
        "Oscillator",
        "Polyphonic"
      ]
    },
    {
      "slug": "Bogaudio-LFO",
      "name": "LFO",
      "description": "Low frequency oscillator",
      "manualUrl": "https://github.com/bogaudio/BogaudioModules/blob/master/README.md#lfo",
      "tags": [
        "LFO",
        "Random",
        "Polyphonic"
      ]
    },
    {
      "slug": "Bogaudio-LLFO",
      "name": "LLFO",
      "description": "Low frequency oscillator",
      "manualUrl": "https://github.com/bogaudio/BogaudioModules/blob/master/README.md#llfo",
      "tags": [
        "LFO",
        "Random",
        "Polyphonic"
      ]
    },
    {
      "slug": "Bogaudio-FourFO",
      "name": "4FO",
      "description": "Quadrature LFO",
      "manualUrl": "https://github.com/bogaudio/BogaudioModules/blob/master/README.md#fourfo",
      "tags": [
        "LFO",
        "Random",
        "Polyphonic"
      ]
    },
    {
      "slug": "Bogaudio-EightFO",
      "name": "8FO",
      "description": "LFO with outputs at 8 different phases",
      "manualUrl": "https://github.com/bogaudio/BogaudioModules/blob/master/README.md#eightfo",
      "tags": [
        "LFO",
        "Random",
        "Polyphonic"
      ]
    },
    {
      "slug": "Bogaudio-VCF",
      "name": "VCF",
      "description": "Multimode filter",
      "manualUrl": "https://github.com/bogaudio/BogaudioModules/blob/master/README.md#vcf",
      "tags": [
        "Filter",
        "Polyphonic"
      ]
    },
    {
      "slug": "Bogaudio-LVCF",
      "name": "LVCF",
      "description": "Multimode filter",
      "manualUrl": "https://github.com/bogaudio/BogaudioModules/blob/master/README.md#lvcf",
      "tags": [
        "Filter",
        "Polyphonic"
      ]
    },
    {
      "slug": "Bogaudio-FFB",
      "name": "FFB",
      "description": "Fixed filter bank",
      "manualUrl": "https://github.com/bogaudio/BogaudioModules/blob/master/README.md#ffb",
      "tags": [
        "Filter",
        "Polyphonic"
      ]
    },
    {
      "slug": "Bogaudio-EQ",
      "name": "EQ",
      "description": "3-band equalizer",
      "manualUrl": "https://github.com/bogaudio/BogaudioModules/blob/master/README.md#eq",
      "tags": [
        "Equalizer",
        "Polyphonic"
      ]
    },
    {
      "slug": "Bogaudio-EQS",
      "name": "EQS",
      "description": "Stereo 3-band equalizer",
      "manualUrl": "https://github.com/bogaudio/BogaudioModules/blob/master/README.md#eqs",
      "tags": [
        "Equalizer",
        "Polyphonic"
      ]
    },
    {
      "slug": "Bogaudio-LPG",
      "name": "LPG",
      "description": "Low-pass gate",
      "manualUrl": "https://github.com/bogaudio/BogaudioModules/blob/master/README.md#lpg",
      "tags": [
        "Low-pass gate",
        "Polyphonic"
      ]
    },
    {
      "slug": "Bogaudio-LLPG",
      "name": "LLPG",
      "description": "Low-pass gate",
      "manualUrl": "https://github.com/bogaudio/BogaudioModules/blob/master/README.md#llpg",
      "tags": [
        "Low-pass gate",
        "Polyphonic"
      ]
    },
    {
      "slug": "Bogaudio-MegaGate",
      "name": "MEGAGATE",
      "description": "Low- and high-pass gate",
      "manualUrl": "https://github.com/bogaudio/BogaudioModules/blob/master/README.md#megagate",
      "tags": [
        "Low-pass gate",
        "Dual",
        "Polyphonic"
      ]
    },
    {
      "slug": "Bogaudio-PEQ",
      "name": "PEQ",
      "description": "3-channel parametric equalizer",
      "manualUrl": "https://github.com/bogaudio/BogaudioModules/blob/master/README.md#peq",
      "tags": [
        "Filter",
        "Polyphonic"
      ]
    },
    {
      "slug": "Bogaudio-PEQ6",
      "name": "PEQ6",
      "description": "6-channel parametric equalizer / filter bank",
      "manualUrl": "https://github.com/bogaudio/BogaudioModules/blob/master/README.md#peq6",
      "tags": [
        "Filter",
        "Polyphonic"
      ]
    },
    {
      "slug": "Bogaudio-PEQ6XF",
      "name": "PEQ6XF",
      "description": "PEQ6 envelope followers expander",
      "manualUrl": "https://github.com/bogaudio/BogaudioModules/blob/master/README.md#peq6xf",
      "tags": [
        "Filter",
        "Expander",
        "Polyphonic"
      ]
    },
    {
      "slug": "Bogaudio-PEQ14",
      "name": "PEQ14",
      "description": "14-channel parametric equalizer / filter bank",
      "manualUrl": "https://github.com/bogaudio/BogaudioModules/blob/master/README.md#peq14",
      "tags": [
        "Filter",
        "Vocoder",
        "Polyphonic"
      ]
    },
    {
      "slug": "Bogaudio-PEQ14XF",
      "name": "PEQ14XF",
      "description": "PEQ14 envelope followers expander",
      "manualUrl": "https://github.com/bogaudio/BogaudioModules/blob/master/README.md#peq14xf",
      "tags": [
        "Filter",
        "Expander",
        "Polyphonic"
      ]
    },
    {
      "slug": "Bogaudio-DADSRH",
      "name": "DADSR(H)",
      "description": "Advanced envelope generator",
      "manualUrl": "https://github.com/bogaudio/BogaudioModules/blob/master/README.md#dadsrh",
      "tags": [
        "Envelope generator",
        "Polyphonic"
      ]
    },
    {
      "slug": "Bogaudio-DADSRHPlus",
      "name": "DADSR(H)+",
      "description": "Advanced envelope generator with additional CV",
      "manualUrl": "https://github.com/bogaudio/BogaudioModules/blob/master/README.md#dadsrhplus",
      "tags": [
        "Envelope generator",
        "Polyphonic"
      ]
    },
    {
      "slug": "Bogaudio-Shaper",
      "name": "SHAPER",
      "description": "Retro-inspired envelope generator and amplifier",
      "manualUrl": "https://github.com/bogaudio/BogaudioModules/blob/master/README.md#shaper",
      "tags": [
        "Envelope generator",
        "VCA",
        "Polyphonic"
      ]
    },
    {
      "slug": "Bogaudio-ShaperPlus",
      "name": "SHAPER+",
      "description": "Retro-inspired envelope generator and amplifier with additional CV",
      "manualUrl": "https://github.com/bogaudio/BogaudioModules/blob/master/README.md#shaperplus",
      "tags": [
        "Envelope generator",
        "VCA",
        "Polyphonic"
      ]
    },
    {
      "slug": "Bogaudio-AD",
      "name": "AD",
      "description": "Attack/decay envelope generator",
      "manualUrl": "https://github.com/bogaudio/BogaudioModules/blob/master/README.md#ad",
      "tags": [
        "Envelope generator",
        "Polyphonic"
      ]
    },
    {
      "slug": "Bogaudio-ASR",
      "name": "ASR",
      "description": "Attack/sustain/release envelope generator",
      "manualUrl": "https://github.com/bogaudio/BogaudioModules/blob/master/README.md#asr",
      "tags": [
        "Envelope generator",
        "Polyphonic"
      ]
    },
    {
      "slug": "Bogaudio-ADSR",
      "name": "ADSR",
      "description": "ADSR envelope generator",
      "manualUrl": "https://github.com/bogaudio/BogaudioModules/blob/master/README.md#adsr",
      "tags": [
        "Envelope generator",
        "Polyphonic"
      ]
    },
    {
      "slug": "Bogaudio-Vish",
      "name": "VISH",
      "description": "Vactrol-ish envelope generator",
      "manualUrl": "https://github.com/bogaudio/BogaudioModules/blob/master/README.md#vish",
      "tags": [
        "Envelope generator",
        "Slew Limiter",
        "Polyphonic"
      ]
    },
    {
      "slug": "Bogaudio-Follow",
      "name": "FOLLOW",
      "description": "Envelope follower",
      "manualUrl": "https://github.com/bogaudio/BogaudioModules/blob/master/README.md#follow",
      "tags": [
        "Envelope follower",
        "Polyphonic"
      ]
    },
    {
      "slug": "Bogaudio-DGate",
      "name": "DGATE",
      "description": "Trigger-to-gate converter with delay",
      "manualUrl": "https://github.com/bogaudio/BogaudioModules/blob/master/README.md#dgate",
      "tags": [
        "Polyphonic"
      ]
    },
    {
      "slug": "Bogaudio-RGate",
      "name": "RGATE",
      "description": "Clock-relative gate generator & clock divider/multiplier",
      "manualUrl": "https://github.com/bogaudio/BogaudioModules/blob/master/README.md#rgate",
      "tags": [
        "Clock modulator",
        "Polyphonic"
      ]
    },
    {
      "slug": "Bogaudio-Edge",
      "name": "EDGE",
      "description": "Edge detector, gate-to-trigger, comparator",
      "manualUrl": "https://github.com/bogaudio/BogaudioModules/blob/master/README.md#edge",
      "tags": [
        "Logic",
        "Polyphonic"
      ]
    },
    {
      "slug": "Bogaudio-Noise",
      "name": "NOISE",
      "description": "Noise source",
      "manualUrl": "https://github.com/bogaudio/BogaudioModules/blob/master/README.md#noise",
      "tags": [
        "Noise",
        "Random",
        "Polyphonic"
      ]
    },
    {
      "slug": "Bogaudio-SampleHold",
      "name": "S&H",
      "description": "Dual sample (or track) and hold",
      "manualUrl": "https://github.com/bogaudio/BogaudioModules/blob/master/README.md#samplehold",
      "tags": [
        "Sample and hold",
        "Dual",
        "Polyphonic"
      ]
    },
    {
      "slug": "Bogaudio-Walk2",
      "name": "WALK2",
      "description": "2D random-walk and X/Y controller",
      "manualUrl": "https://github.com/bogaudio/BogaudioModules/blob/master/README.md#walk2",
      "tags": [
        "Random",
        "Sample and hold",
        "Controller"
      ]
    },
    {
      "slug": "Bogaudio-Walk",
      "name": "WALK",
      "description": "Random-walk CV source",
      "manualUrl": "https://github.com/bogaudio/BogaudioModules/blob/master/README.md#walk",
      "tags": [
        "Random",
        "Sample and hold",
        "Polyphonic"
      ]
    },
    {
      "slug": "Bogaudio-Mix8",
      "name": "MIX8",
      "description": "8-channel mixer and panner",
      "manualUrl": "https://github.com/bogaudio/BogaudioModules/blob/master/README.md#mix8",
      "tags": [
        "Mixer",
        "Panning"
      ]
    },
    {
      "slug": "Bogaudio-Mix8x",
      "name": "MIX8X",
      "description": "Expander for MIX8, adds EQs and sends",
      "manualUrl": "https://github.com/bogaudio/BogaudioModules/blob/master/README.md#mix8x",
      "tags": [
        "Mixer",
        "Expander"
      ]
    },
    {
      "slug": "Bogaudio-Mix4",
      "name": "MIX4",
      "description": "4-channel mixer and panner",
      "manualUrl": "https://github.com/bogaudio/BogaudioModules/blob/master/README.md#mix4",
      "tags": [
        "Mixer",
        "Panning"
      ]
    },
    {
      "slug": "Bogaudio-Mix4x",
      "name": "MIX4X",
      "description": "Expander for MIX4, adds EQs and sends",
      "manualUrl": "https://github.com/bogaudio/BogaudioModules/blob/master/README.md#mix4x",
      "tags": [
        "Mixer",
        "Expander"
      ]
    },
    {
      "slug": "Bogaudio-Mix2",
      "name": "MIX2",
      "description": "Stereo fader/amplifier with CV-controllable mute",
      "manualUrl": "https://github.com/bogaudio/BogaudioModules/blob/master/README.md#mix2",
      "tags": [
        "VCA",
        "Polyphonic"
      ]
    },
    {
      "slug": "Bogaudio-Mix1",
      "name": "MIX1",
      "description": "Fader/amplifier with CV-controllable mute",
      "manualUrl": "https://github.com/bogaudio/BogaudioModules/blob/master/README.md#mix1",
      "tags": [
        "VCA",
        "Polyphonic"
      ]
    },
    {
      "slug": "Bogaudio-VCM",
      "name": "VCM",
      "description": "4-channel CV controllable mixer",
      "manualUrl": "https://github.com/bogaudio/BogaudioModules/blob/master/README.md#vcm",
      "tags": [
        "Mixer",
        "Polyphonic"
      ]
    },
    {
      "slug": "Bogaudio-Mute8",
      "name": "MUTE8",
      "description": "8 independent mutes with CV control",
      "manualUrl": "https://github.com/bogaudio/BogaudioModules/blob/master/README.md#mute8",
      "tags": [
        "Polyphonic"
      ]
    },
    {
      "slug": "Bogaudio-Pan",
      "name": "PAN",
      "description": "Dual stereo panner",
      "manualUrl": "https://github.com/bogaudio/BogaudioModules/blob/master/README.md#pan",
      "tags": [
        "Panning",
        "Dual",
        "Polyphonic"
      ]
    },
    {
      "slug": "Bogaudio-XFade",
      "name": "XFADE",
      "description": "Crossfader",
      "manualUrl": "https://github.com/bogaudio/BogaudioModules/blob/master/README.md#xfade",
      "tags": [
        "Mixer",
        "Polyphonic"
      ]
    },
    {
      "slug": "Bogaudio-VCA",
      "name": "VCA",
      "description": "Dual voltage controlled attenuator",
      "manualUrl": "https://github.com/bogaudio/BogaudioModules/blob/master/README.md#vca",
      "tags": [
        "VCA",
        "Dual",
        "Polyphonic"
      ]
    },
    {
      "slug": "Bogaudio-VCAmp",
      "name": "VCAMP",
      "description": "Voltage controlled amplifier with 12dB gain",
      "manualUrl": "https://github.com/bogaudio/BogaudioModules/blob/master/README.md#vcamp",
      "tags": [
        "VCA",
        "Polyphonic"
      ]
    },
    {
      "slug": "Bogaudio-Velo",
      "name": "VELO",
      "description": "Triple-CV VCA, for tremolo, MIDI velocity, etc",
      "manualUrl": "https://github.com/bogaudio/BogaudioModules/blob/master/README.md#velo",
      "tags": [
        "VCA",
        "Polyphonic"
      ]
    },
    {
      "slug": "Bogaudio-UMix",
      "name": "UMIX",
      "description": "8-input unity mixer",
      "manualUrl": "https://github.com/bogaudio/BogaudioModules/blob/master/README.md#umix",
      "tags": [
        "Mixer",
        "Polyphonic"
      ]
    },
    {
      "slug": "Bogaudio-Mumix",
      "name": "MUMIX",
      "description": "8-input unity mixer with mutes",
      "manualUrl": "https://github.com/bogaudio/BogaudioModules/blob/master/README.md#mumix",
      "tags": [
        "Mixer",
        "Polyphonic"
      ]
    },
    {
      "slug": "Bogaudio-Matrix81",
      "name": "MATRIX81",
      "description": "8-channel mixer",
      "manualUrl": "https://github.com/bogaudio/BogaudioModules/blob/master/README.md#matrix81",
      "tags": [
        "Mixer",
        "Polyphonic"
      ]
    },
    {
      "slug": "Bogaudio-Matrix18",
      "name": "MATRIX18",
      "description": "8-way signal router with attenuverters",
      "manualUrl": "https://github.com/bogaudio/BogaudioModules/blob/master/README.md#matrix18",
      "tags": [
        "Switch",
        "Polyphonic"
      ]
    },
    {
      "slug": "Bogaudio-Matrix44",
      "name": "MATRIX44",
      "description": "4x4 matrix mixer",
      "manualUrl": "https://github.com/bogaudio/BogaudioModules/blob/master/README.md#matrix44",
      "tags": [
        "Mixer",
        "Polyphonic"
      ]
    },
    {
      "slug": "Bogaudio-Matrix44Cvm",
      "name": "MX44CVM",
      "description": "CV and mutes expander for MATRIX44",
      "manualUrl": "https://github.com/bogaudio/BogaudioModules/blob/master/README.md#matrix44cvm",
      "tags": [
        "Mixer",
        "Expander",
        "Polyphonic"
      ]
    },
    {
      "slug": "Bogaudio-Matrix88",
      "name": "MATRIX88",
      "description": "8x8 matrix mixer",
      "manualUrl": "https://github.com/bogaudio/BogaudioModules/blob/master/README.md#matrix88",
      "tags": [
        "Mixer",
        "Polyphonic"
      ]
    },
    {
      "slug": "Bogaudio-Matrix88Cv",
      "name": "MX88CV",
      "description": "CV expander for MATRIX88",
      "manualUrl": "https://github.com/bogaudio/BogaudioModules/blob/master/README.md#matrix88cv",
      "tags": [
        "Mixer",
        "Expander",
        "Polyphonic"
      ]
    },
    {
      "slug": "Bogaudio-Matrix88M",
      "name": "MX88M",
      "description": "Mutes expander for MATRIX88",
      "manualUrl": "https://github.com/bogaudio/BogaudioModules/blob/master/README.md#matrix88m",
      "tags": [
        "Mixer",
        "Expander",
        "Polyphonic"
      ]
    },
    {
      "slug": "Bogaudio-Switch81",
      "name": "SWITCH81",
      "description": "8-channel mixer",
      "manualUrl": "https://github.com/bogaudio/BogaudioModules/blob/master/README.md#switch81",
      "tags": [
        "Mixer",
        "Switch",
        "Polyphonic"
      ]
    },
    {
      "slug": "Bogaudio-Switch18",
      "name": "SWITCH18",
      "description": "8-way signal router",
      "manualUrl": "https://github.com/bogaudio/BogaudioModules/blob/master/README.md#switch18",
      "tags": [
        "Switch",
        "Polyphonic"
      ]
    },
    {
      "slug": "Bogaudio-Switch44",
      "name": "SWITCH44",
      "description": "4x4 matrix mixer",
      "manualUrl": "https://github.com/bogaudio/BogaudioModules/blob/master/README.md#switch44",
      "tags": [
        "Mixer",
        "Switch",
        "Polyphonic"
      ]
    },
    {
      "slug": "Bogaudio-Switch88",
      "name": "SWITCH88",
      "description": "8x8 matrix mixer",
      "manualUrl": "https://github.com/bogaudio/BogaudioModules/blob/master/README.md#switch88",
      "tags": [
        "Mixer",
        "Switch",
        "Polyphonic"
      ]
    },
    {
      "slug": "Bogaudio-Switch1616",
      "name": "SWITCH1616",
      "description": "16x16 matrix mixer",
      "manualUrl": "https://github.com/bogaudio/BogaudioModules/blob/master/README.md#switch1616",
      "tags": [
        "Mixer",
        "Switch",
        "Polyphonic"
      ]
    },
    {
      "slug": "Bogaudio-AMRM",
      "name": "AM/RM",
      "description": "Variable ring/amplitude modulator and rectifier",
      "manualUrl": "https://github.com/bogaudio/BogaudioModules/blob/master/README.md#amrm",
      "tags": [
        "Ring modulator",
        "Effect",
        "Polyphonic"
      ]
    },
    {
      "slug": "Bogaudio-Pressor",
      "name": "PRESSOR",
      "description": "Stereo compressor and noise gate",
      "manualUrl": "https://github.com/bogaudio/BogaudioModules/blob/master/README.md#pressor",
      "tags": [
        "Compressor",
        "Dynamics",
        "Polyphonic"
      ]
    },
    {
      "slug": "Bogaudio-Clpr",
      "name": "CLPR (Clipper)",
      "description": "Hard clipper and distortion",
      "manualUrl": "https://github.com/bogaudio/BogaudioModules/blob/master/README.md#clpr",
      "tags": [
        "Dynamics",
        "Limiter",
        "Distortion",
        "Polyphonic"
      ]
    },
    {
      "slug": "Bogaudio-Lmtr",
      "name": "LMTR",
      "description": "Limiter",
      "manualUrl": "https://github.com/bogaudio/BogaudioModules/blob/master/README.md#lmtr",
      "tags": [
        "Limiter",
        "Dynamics",
        "Polyphonic"
      ]
    },
    {
      "slug": "Bogaudio-Nsgt",
      "name": "NSGT",
      "description": "Noise gate",
      "manualUrl": "https://github.com/bogaudio/BogaudioModules/blob/master/README.md#nsgt",
      "tags": [
        "Dynamics",
        "Polyphonic"
      ]
    },
    {
      "slug": "Bogaudio-CmpDist",
      "name": "CMPDIST",
      "description": "Comparator-based distortion",
      "manualUrl": "https://github.com/bogaudio/BogaudioModules/blob/master/README.md#cmpdist",
      "tags": [
        "Distortion",
        "Effect",
        "Polyphonic"
      ]
    },
    {
      "slug": "Bogaudio-OneEight",
      "name": "1:8",
      "description": "8-channel multiplexer & sequential switch",
      "manualUrl": "https://github.com/bogaudio/BogaudioModules/blob/master/README.md#oneeight",
      "tags": [
        "Switch",
        "Polyphonic"
      ]
    },
    {
      "slug": "Bogaudio-EightOne",
      "name": "8:1",
      "description": "8-channel demultiplexer & sequential switch",
      "manualUrl": "https://github.com/bogaudio/BogaudioModules/blob/master/README.md#eightone",
      "tags": [
        "Switch",
        "Polyphonic"
      ]
    },
    {
      "slug": "Bogaudio-AddrSeq",
      "name": "ADDR-SEQ",
      "description": "Voltage-addressable 8-step sequencer",
      "manualUrl": "https://github.com/bogaudio/BogaudioModules/blob/master/README.md#addrseq",
      "tags": [
        "Sequencer",
        "Polyphonic"
      ]
    },
    {
      "slug": "Bogaudio-AddrSeqX",
      "name": "ASX",
      "description": "8-step chainable expander for ADDR-SEQ",
      "manualUrl": "https://github.com/bogaudio/BogaudioModules/blob/master/README.md#addrseqx",
      "tags": [
        "Sequencer",
        "Expander",
        "Polyphonic"
      ]
    },
    {
      "slug": "Bogaudio-Pgmr",
      "name": "PGMR",
      "description": "4-step programmer and sequencer",
      "manualUrl": "https://github.com/bogaudio/BogaudioModules/blob/master/README.md#pgmr",
      "tags": [
        "Sequencer",
        "Polyphonic"
      ]
    },
    {
      "slug": "Bogaudio-PgmrX",
      "name": "PGMRX",
      "description": "4-step chainable expander for PGMR",
      "manualUrl": "https://github.com/bogaudio/BogaudioModules/blob/master/README.md#pgmrx",
      "tags": [
        "Sequencer",
        "Expander",
        "Polyphonic"
      ]
    },
    {
      "slug": "Bogaudio-VU",
      "name": "VU",
      "description": "Stereo signal meter",
      "manualUrl": "https://github.com/bogaudio/BogaudioModules/blob/master/README.md#vu",
      "tags": [
        "Visual"
      ]
    },
    {
      "slug": "Bogaudio-Analyzer",
      "name": "ANALYZER",
      "description": "4-channel spectrum analyzer",
      "manualUrl": "https://github.com/bogaudio/BogaudioModules/blob/master/README.md#analyzer",
      "tags": [
        "Visual"
      ]
    },
    {
      "slug": "Bogaudio-AnalyzerXL",
      "name": "ANALYZER-XL",
      "description": "8-channel spectrum analyzer",
      "manualUrl": "https://github.com/bogaudio/BogaudioModules/blob/master/README.md#analyzerxl",
      "tags": [
        "Visual"
      ]
    },
    {
      "slug": "Bogaudio-Ranalyzer",
      "name": "RANALYZER",
      "description": "Swept-sine frequency response analyzer",
      "manualUrl": "https://github.com/bogaudio/BogaudioModules/blob/master/README.md#ranalyzer",
      "tags": [
        "Visual"
      ]
    },
    {
      "slug": "Bogaudio-Detune",
      "name": "DETUNE",
      "description": "Pitch CV processor for detuning oscillator pairs",
      "manualUrl": "https://github.com/bogaudio/BogaudioModules/blob/master/README.md#detune",
      "tags": [
        "Tuner",
        "Polyphonic"
      ]
    },
    {
      "slug": "Bogaudio-Stack",
      "name": "STACK",
      "description": "Pitch CV transposer",
      "manualUrl": "https://github.com/bogaudio/BogaudioModules/blob/master/README.md#stack",
      "tags": [
        "Tuner",
        "Polyphonic"
      ]
    },
    {
      "slug": "Bogaudio-Reftone",
      "name": "REFTONE",
      "description": "Precision pitch CV generator",
      "manualUrl": "https://github.com/bogaudio/BogaudioModules/blob/master/README.md#reftone",
      "tags": [
        "Tuner"
      ]
    },
    {
      "slug": "Bogaudio-Mono",
      "name": "MONO",
      "description": "Polyphonic-to-monophonic converter with onboard compressor",
      "manualUrl": "https://github.com/bogaudio/BogaudioModules/blob/master/README.md#mono",
      "tags": [
        "Polyphonic"
      ]
    },
    {
      "slug": "Bogaudio-Arp",
      "name": "ARP",
      "description": "Polyphonic-input arpeggiator",
      "manualUrl": "https://github.com/bogaudio/BogaudioModules/blob/master/README.md#arp",
      "tags": [
        "Arpeggiator",
        "Polyphonic"
      ]
    },
    {
      "slug": "Bogaudio-Assign",
      "name": "ASSIGN",
      "description": "Polyphonic voice (re)assigner",
      "manualUrl": "https://github.com/bogaudio/BogaudioModules/blob/master/README.md#assign",
      "tags": [
        "Polyphonic"
      ]
    },
    {
      "slug": "Bogaudio-Unison",
      "name": "UNISON",
      "description": "Polyphonic unison voicing processor with detune",
      "manualUrl": "https://github.com/bogaudio/BogaudioModules/blob/master/README.md#unison",
      "tags": [
        "Polyphonic"
      ]
    },
    {
      "slug": "Bogaudio-PolyCon8",
      "name": "POLYCON8",
      "description": "Polyphonic per-channel constant voltages",
      "manualUrl": "https://github.com/bogaudio/BogaudioModules/blob/master/README.md#polycon8",
      "tags": [
        "Polyphonic"
      ]
    },
    {
      "slug": "Bogaudio-PolyCon",
      "name": "POLYCON16",
      "description": "Polyphonic per-channel constant voltages",
      "manualUrl": "https://github.com/bogaudio/BogaudioModules/blob/master/README.md#polycon",
      "tags": [
        "Polyphonic"
      ]
    },
    {
      "slug": "Bogaudio-PolyOff8",
      "name": "POLYOFF8",
      "description": "Polyphonic per-channel offset and scale",
      "manualUrl": "https://github.com/bogaudio/BogaudioModules/blob/master/README.md#polyoff8",
      "tags": [
        "Polyphonic"
      ]
    },
    {
      "slug": "Bogaudio-PolyOff16",
      "name": "POLYOFF16",
      "description": "Polyphonic per-channel offset and scale",
      "manualUrl": "https://github.com/bogaudio/BogaudioModules/blob/master/README.md#polyoff16",
      "tags": [
        "Polyphonic"
      ]
    },
    {
      "slug": "Bogaudio-PolyMult",
      "name": "POLYMULT",
      "description": "Monophonic-to-polyphonic multiple",
      "manualUrl": "https://github.com/bogaudio/BogaudioModules/blob/master/README.md#polymult",
      "tags": [
        "Polyphonic"
      ]
    },
    {
      "slug": "Bogaudio-Bool",
      "name": "BOOL",
      "description": "Boolean logic",
      "manualUrl": "https://github.com/bogaudio/BogaudioModules/blob/master/README.md#bool",
      "tags": [
        "Logic",
        "Polyphonic"
      ]
    },
    {
      "slug": "Bogaudio-Cmp",
      "name": "CMP",
      "description": "Window comparator",
      "manualUrl": "https://github.com/bogaudio/BogaudioModules/blob/master/README.md#cmp",
      "tags": [
        "Logic",
        "Polyphonic"
      ]
    },
    {
      "slug": "Bogaudio-CVD",
      "name": "CVD",
      "description": "Simple delay designed for triggers and other CVs",
      "manualUrl": "https://github.com/bogaudio/BogaudioModules/blob/master/README.md#cvd",
      "tags": [
        "Delay",
        "Polyphonic"
      ]
    },
    {
      "slug": "Bogaudio-FlipFlop",
      "name": "FLIPFLOP",
      "description": "Dual flipflop",
      "manualUrl": "https://github.com/bogaudio/BogaudioModules/blob/master/README.md#flipflop",
      "tags": [
        "Logic",
        "Dual",
        "Polyphonic"
      ]
    },
    {
      "slug": "Bogaudio-Inv",
      "name": "INV",
      "description": "Dual signal inverter",
      "manualUrl": "https://github.com/bogaudio/BogaudioModules/blob/master/README.md#inv",
      "tags": [
        "Logic",
        "Dual",
        "Polyphonic"
      ]
    },
    {
      "slug": "Bogaudio-Manual",
      "name": "MANUAL",
      "description": "Button controlled gates / triggers",
      "manualUrl": "https://github.com/bogaudio/BogaudioModules/blob/master/README.md#manual",
      "tags": [
        "Controller"
      ]
    },
    {
      "slug": "Bogaudio-FourMan",
      "name": "4MAN",
      "description": "Quad button-controlled gates / triggers",
      "manualUrl": "https://github.com/bogaudio/BogaudioModules/blob/master/README.md#fourman",
      "tags": [
        "Controller",
        "Quad"
      ]
    },
    {
      "slug": "Bogaudio-Mult",
      "name": "MULT",
      "description": "1:6 or dual 1:3 multiple/splitter",
      "manualUrl": "https://github.com/bogaudio/BogaudioModules/blob/master/README.md#mult",
      "tags": [
        "Multiple",
        "Polyphonic"
      ]
    },
    {
      "slug": "Bogaudio-Offset",
      "name": "OFFSET",
      "description": "CV offset and scaler",
      "manualUrl": "https://github.com/bogaudio/BogaudioModules/blob/master/README.md#offset",
      "tags": [
        "Attenuator",
        "Polyphonic"
      ]
    },
    {
      "slug": "Bogaudio-Slew",
      "name": "SLEW",
      "description": "Slew limiter / lag generator / glide",
      "manualUrl": "https://github.com/bogaudio/BogaudioModules/blob/master/README.md#slew",
      "tags": [
        "Slew limiter",
        "Polyphonic"
      ]
    },
    {
      "slug": "Bogaudio-Sums",
      "name": "SUMS",
      "description": "Arithmetic logic",
      "manualUrl": "https://github.com/bogaudio/BogaudioModules/blob/master/README.md#sums",
      "tags": [
        "Logic",
        "Polyphonic"
      ]
    },
    {
      "slug": "Bogaudio-Switch",
      "name": "SWITCH",
      "description": "2-way signal router",
      "manualUrl": "https://github.com/bogaudio/BogaudioModules/blob/master/README.md#switch",
      "tags": [
        "Switch",
        "Polyphonic"
      ]
    },
    {
      "slug": "Bogaudio-Lgsw",
      "name": "LGSW",
      "description": "2-way signal router with logic",
      "manualUrl": "https://github.com/bogaudio/BogaudioModules/blob/master/README.md#lgsw",
      "tags": [
        "Switch",
        "Logic",
        "Polyphonic"
      ]
    },
    {
      "slug": "Bogaudio-Blank3",
      "name": "BLANK3",
      "description": "3HP blank panel",
      "manualUrl": "https://github.com/bogaudio/BogaudioModules/blob/master/README.md#blank3",
      "tags": [
        "Blank"
      ]
    },
    {
      "slug": "Bogaudio-Blank6",
      "name": "BLANK6",
      "description": "6HP blank panel",
      "manualUrl": "https://github.com/bogaudio/BogaudioModules/blob/master/README.md#blank6",
      "tags": [
        "Blank"
      ]
    }
  ]
}
